,Review_Date,Author,Rating,Review_Title,Review,Review_Url
0,22 July 2023,Natcat87,6," Too heavy handed
","As a woman that grew up with Barbie, I was very excited for this movie. I was curious to see how they would evolve the ""stereotypical Barbie"" into something more. But the messaging in this movie was so heavy handed that it completely lost the plot. I consider myself a proponent of gender equality, and this ain't the way to get it.",/review/rw9319915/?ref_=tt_urv
1,21 July 2023,LoveofLegacy,6," Beautiful film, but so preachy
","Margot does the best with what she's given, but this film was very disappointing to me. It was marketed as a fun, quirky satire with homages to other movies. It started that way, but ended with over-dramatized speeches and an ending that clearly tried to make the audience feel something, but left everyone just feeling confused. And before you say I'm a crotchety old man, I'm a woman in my 20s, so I'm pretty sure I'm this movie's target audience. The saddest part is there were parents with their kids in the theater that were victims of the poor marketing, because this is not a kid's movie. Overall, the humor was fun on occasion and the film is beautiful to look at, but the whole concept falls apart in the second half of the film and becomes a pity party for the ""strong"" woman.",/review/rw9319915/?ref_=tt_urv
2,9 August 2023,L3MM3,," Boring, mind-numbing drivel
","I do not usually write reviews, but this is beyond description. Last time I wrote a review it was for the absolutely horrible wrinkle in time. This is almost as bad. At least Gosling plays his part well, but the story is abysmal. If you can find anything else to do like watch paint dry, then yes please do. You will save your brain cells the agony of a painful slow ..... nearly two hours long this was mind-numbing storytelling at its mediocre worst. How many ways can I say do not go see it if you have a choice. See anything else but this exercise in horrendous cliches and exaggerated self-importance. If I could give it negative 10 stars I would.",/review/rw9319915/?ref_=tt_urv
3,31 July 2023,ramair350,10," As a guy I felt some discomfort, and that's ok.
","As much as it pains me to give a movie called ""Barbie"" a 10 out of 10, I have to do so. It is so brilliantly handled and finely crafted, I have to give the filmakers credit. Yes, I am somewhat conservative person and former law enforcement officer. I'm a guy. I like guy things. Hell I even enjoyed the Battleship movie a few years ago (an absolutely ridiculous but fun romp of an action film). But I also like to experience other perspectives. And man oh man does this movie deliver that in spades - pretty much encapsulated everything my wife has tried to convey about her entire career and life experience wrapped up into two hours! The humor, the sets, the acting, and the ability to weave the current narrative into the story was just perfect. I don't agree with some of the points of the movie, but again, that's ok. This movie wasn't designed to give a balanced perspective of men versus women; it is a no-holds-barred unapologetic crazy ride of a rant about the real issues that women have faced since they were ""allowed"" to have ""real jobs"" and do the same things as men. Give me a well done film that is a blast to watch, that makes you think, and that was done from a place of creativity, passion, and attention to detail, and I'll call it what it is: a 10 out of 10 masterpiece.",/review/rw9319915/?ref_=tt_urv
4,20 July 2023,fscsgxp,6," Amazing Cast & Set, but the political message was too strong
","I've been excited for this movie for over a year. The casting was perfect and the acting was amazing! The set was next level, the tiny details were all there and even the highest barbie fan couldn't ask for anything more from it. It is PERFECTION.",/review/rw9319915/?ref_=tt_urv
5,24 July 2023,coxaneesa,8," It was depressing
",I thought this would be so much different. The ending made me feel sad and empty. Ken and Barbie don't end up together and they made Ken seem like a complete idiot. Actually they presented men as being dumb throughout the whole movie. And I'm not a man but that's just not true. It was depressing and sad and never the way Barbie was created for. I know a lot of people won't agree with me and that's okay but it was just pointless going to see it. The only good thing is that the Barbie aesthetic was beautifully done.,/review/rw9319915/?ref_=tt_urv
6,26 July 2023,aherdofbeautifulwildponies,6," A Hot Pink Mess
","Before making Barbie (2023), ",/review/rw9319915/?ref_=tt_urv
7,24 July 2023,heatherhilgers,9," A Technicolor Dream
","Wow, this movie was a love letter to cinema. From the Kubrick reference at the opening, to the soundstage being 100% real - no cgi for the sets. There were dance sequences like in the olden days (think Grease) and the costuming , wow the costuming. Greta Gerwig dug deep to make this masterpiece using all of her technical chops along the way. The casting director also nailed it, everyone was wonderful.",/review/rw9319915/?ref_=tt_urv
8,23 July 2023,Revuer223,6," Could Have Been Great. 2nd Half Brings It Down.
","The quality, the humor, and the writing of the movie is fun for a while. It's quirky and it's unique. When they get into the weeds and try to explore deeper themes, the movie is a miss. The middle expositional phase of the movie, I must say, is a bore.",/review/rw9319915/?ref_=tt_urv
9,20 July 2023,MissSimonetta,4," The marketing was more entertaining than the actual movie
","I went to see this today, everyone in my group dressed in pink and ready to at least be entertained by pastel-colored camp for two hours. BARBIE kind of succeeds there: I loved the costuming and sets of Barbieland, and Margot Robie is such a fantastic actress, the perfect embodiment of the optimistic, she-can-do-it-all Barbie. Ryan Gosling was a scene-stealer with his horse obsession and faux mink coat.",/review/rw9319915/?ref_=tt_urv
10,21 July 2023,Sleepin_Dragon,8," Well this really did come as a surprise.
","It pains me to say it, but I enjoyed this movie so much more then I was expecting to, musical numbers, humour, there truly is something for the whole family yo enjoy.",/review/rw9319915/?ref_=tt_urv
11,23 July 2023,herrcarter-92161,5," Somewhat of a Jumbled Mess
",My 15-year old daughter wrote the following review and posted it to my IMDB account.,/review/rw9319915/?ref_=tt_urv
12,26 July 2023,sophiaaven,," The HYPE is not real
","It was sooo boring, I could have left in the middle of the film and not care less about what was happening to the characters. I love the cast but everything was soo unfunny. I left the movie fealing like I learned nothing knew. The movie is trying to be this inclusive thing but with all the jokes directing into the old steriotypes it contradicted its self the hold time. Margot is beyond beautiful and calling her self ugly in the movie even though she is ""The Barbie"" isn't so clevver as they think it is, not even with the narrator. I Love Greta but it dosen't feel like her. Kinda like with Wednesday not feeling like a Tim Burton thing. But good job with the marketing, it got me.",/review/rw9319915/?ref_=tt_urv
13,22 July 2023,finnconnelly-63017,10," Ken out of ten
","Wow. I did not see this masterpiece coming. And that's not a joke. Somehow, Greta Gerwig took Barbie, and made a movie that tackles some really tough social issues....well? It's crazy. But wow, does it work. The story is very mature, thinker of a plot. Once you're done laughing your butt off, you'll get really emotional. The production design is so on point. The whole movie is pink everything, but it's never polarizing. All the shades melt together in a very pleasing way. And of course the cast! Margot Robbie was born to play Barbie, and she hits a home run, but Ryan Gosling. This dude rocks as Ken. He knocked it all the way around the world and hit himself in the back of the head. He steals every scene he's in, and I would be so on board with a Ken spin-off. America Ferrara and Simu Liu are also great in their respective roles, but the cast overall is just perfect. Overall, Barbie is probably the best movie based off a toy (sorry LEGO Movies) and an overall fantastic time at the movies.",/review/rw9319915/?ref_=tt_urv
14,19 July 2023,anjamulder,8," not for everyone
","This is very much a movie that will get devided opinions on it, my cousin said well this is two hours of my life i will never get back, and me? I left the theatre in such a good mood. It was the sense of humor for me, laughed so hard. Specially Ryan Gossling was sooooo good and funny, many familiar faces to spot also. And margot robbie come on... the perfect casting for Barbie. I also have to say, the way they created Barbie land was so amazing, it just makes you just want to there. I don't really have anything bad to say about this movie. I can understand not everyone will love it. But i am sure it is a iconic film already.",/review/rw9319915/?ref_=tt_urv
15,27 August 2023,kayleewillis-85920,6," OVERHYPED
","This is a movie that was way overhyped. Everyone kept saying it was so amazing, but when I finally go to watch it, it was not at all what I thought it was going to be. The storyline was not good. It was a basic and corny storyline, in my opinion.",/review/rw9319915/?ref_=tt_urv
16,19 July 2023,HabibieHakim123,8," Barbie Is A Weirdly Fun Movie!
","8.5/10
While i'm not so sure at first, the movie kept getting even more fun, entertaining, and definitely better, also surprisingly deal with a legit serious stuff, Barbie is a weirdly fun movie that fills with this very interesting concept, definitely the first time that's ever done, Greta Gerwig has created this whole new style of filmmaking specifically for Barbie, from the intentionally weird yet creative editing, some awkward and cringe scene, i found the comedy so funny instead of cringe, Barbie is one of the most original movie of the year and also one of the most original movie i've seen in a while, we all know Margot Robbie and Ryan Gosling is gonna carry the movie and they are, but Will Ferrell, Simu Liu, and the whole rest of the cast were also great and entertaining, the soundtrack was just great, except Nicki Minaj and Ice Spice ""Barbie World"" song that are just absolutely terrible, but Billie Eilish ""What Was I Made For?"" tune that kept haunting in the background until it finally get the perfect scene to played it was really the best thing because that song was just beautiful and emotional, anyway, Barbie is a lot of fun, while there is still some noticeable flawed, most of them i found it funny, entertaining, colourful, creative, and fun, pure fun, it's something that i probably will love it even more the second time i see it, but as of right now, Barbie was a good time, definitely recommended and with this movie somehow it's actually possible to have a live-action Barbie movie, all you need to have is a good writer, good director, and good cast, and they delivers mostly.",/review/rw9319915/?ref_=tt_urv
17,24 July 2023,lokicola,6," Strong Start... and That's It
","I walked out of the theatre thinking, ""Yeah, I had a good time in that movie"". But as the day went on I kind had that ""Ok, that kebab probably wasn't a good idea.""",/review/rw9319915/?ref_=tt_urv
18,29 August 2023,antoniatejedabarros,3," Disappointing: terribly preachy and horrendous script. Great cast.
","Margot Robbie and Ryan Gosling are really great in their roles of Barbie and Kent. Gosling is specially hilarious. I expected a funny, cool, deep and entertaining movie, but I was highly disappointed. The movie is so terribly preachy that ends being an embarrassment. We (the audience) have brains, so, please, preach somewhere else. Furthermore, this is a movie to divide, not to unite. And I'm a woman. The script of the movie is horrendous and the direction is plain bad. There are some great actresses that have too little to say, like Emma Mackey, and that's a pity. Overall: a huge disappointment and a missed opportunity. 3/10 (1 point for Margot Robbie, 1 point for Ryan Gosling, and 1 point for the art direction (super tacky and pinky, as Barbie's world).",/review/rw9319915/?ref_=tt_urv
19,19 July 2023,jpismyname,8," Fun and surprisingly touching
","I was honestly doubting this movie at first, but surprisingly I find myself really liking it quite a lot.",/review/rw9319915/?ref_=tt_urv
20,19 July 2023,hamsterination,6," It could have been so much better...
","The film's universe and settings are fantastic. The casting is really good too, with Gosling excelling in the role of Ken.",/review/rw9319915/?ref_=tt_urv
21,8 October 2023,SarahAppleSauce98,2," Overrated and sad
","I saw this recently on streaming after hearing so much hype about how it was so important and such an incredible movie. After I watched it I wondered if I'd ordered the wrong movie. The whole thing was just lame unfunny jokes, a convoluted plot line, bland acting and mixed messaging which seems to be trying to be positive for women but are unintentionally negative - especially at the end with how the Barbies trick the Kens, I mean is the positive message for my daughter meant to be to exploit men by buttering them up? Er what?",/review/rw9319915/?ref_=tt_urv
22,21 July 2023,imdbmovieguy,," Honestly - not funny and light enough
","I really enjoyed the first 20 minutes of the movie. It was very upbeat, positive and light. However, things soon became negative about 20 - 25 minutes into the movie. I couldn't stand it. Barbie's world and attitude was a constant bummer. Ken's attitude was sour. For the next hour (and more) the movie just lived in negativity.",/review/rw9319915/?ref_=tt_urv
23,19 July 2023,andypaps101,8," ""Barbie"" - A Multifaceted Exploration of Femininity, Consumerism, and Existentialism
",I got free tickets for a preview and to be honest I was more than a little embarrassed to go. I did not tell a soul. As a cool middle aged gentleman if word got out this could have really affected my street cred.,/review/rw9319915/?ref_=tt_urv
24,20 July 2023,portraitofaladyonfire,6," Brilliant observations, but social depth is missing
","Greta Gerwig and Noah Baumbach have a knack for incorporating the many little observations of life, whether funny or deeply interpersonal, into a screenplay. Gerwig manages to direct them with great visuals and clever transitions.",/review/rw9319915/?ref_=tt_urv
25,1 August 2023,surfacing7,9," People are missing the point
","Seeing a lot of reviews saying that this movie is preachy, the men are portrayed as idiots, etc. It's a SATIRE. It is meant to be over the top. And yes, it has a lot to say. But the fact that some people in the audience (and I'd wager some of the negative reviews are from people who didn't bother to watch the movie) don't want to hear it, doesn't make it any less valid.",/review/rw9319915/?ref_=tt_urv
26,21 July 2023,G-Joshua-Benjamin,6," My mom and I saw this yesterday. Here are my thoughts.
",I don't know if I put spoilers in here. I am super worn out. Haha So I will just put that I did.,/review/rw9319915/?ref_=tt_urv
27,25 July 2023,zoooooe,10," It's beautiful.
","This one reminds me of why I love movies so much. Acting, dancing, visual arts, screenplay, plots, soundtracks, humor, moral, there are everything we need in a movie. What hit me the most is that I was only expecting the kind of adult humor in that Barbie song ""You can brush my hair undress me everywhere,"" but at some point I realize it's way more than that. The movie was hilarious that I remember my mouth was opened laughing the whole time you know, all the Barbie jokes. And it's so cute that just right at the beginning of the movie, I instantly fell back to my childhood memories and everything is pink it's so beautiful. Yet, it's such a deep movie that it told things we almost be numb to. It said it out loud to remind us who we are and what are our worth and where are we going and everything. It's a movie about love. I cried so hard and laughed so hard. It's a masterpiece.",/review/rw9319915/?ref_=tt_urv
28,25 July 2023,spika13,6," Too overrated
","Its like watching at ""Truman's show"" but all the set it's pink color with a hint of extreme feminist ideas. I grew up with barbie dolls and I felt very disappointed, I was expecting a different kind of story, the ending was the worst. I think the message should be more with the real feminist concept of Simone de Bouvoir, we all deserve the same rights. In the end Instead of just Barbie Land they should changed as; Barbie and Ken Land.",/review/rw9319915/?ref_=tt_urv
29,21 November 2023,sandy777,4," Some humorous moments, but the story fell flat
","Barbie, a movie about the beloved doll and all her identities and her friends, what could go wrong? A lot apparently. It started with voice over narration and went downhill from there. There was too much telling rather than showing. Most of this movie constantly explained everything and often told me how I should feel about it. The writing felt like it was trying too hard to be profound and tried to oversimplify complex subjects and gender roles. There were some funny moments, but a lot of the humor and story were far from subtle. I never felt drawn into the characters and what they were experiencing. The story lacked stakes. I didn't care about Barbie or Ken. In the right hands, this movie could have been fun. But Barbie didn't seem to know what it wanted to be or what story it wanted to tell.",/review/rw9319915/?ref_=tt_urv
30,20 July 2023,Genti26,8," You are Kenough
","This movie is so much fun. It starts off really strong although the story does move away from ""Barbieland"" sooner than I would have liked. Nonetheless, it regains its footing with the final act in particular and I could not stop laughing at Ryan Gosling's portrayal of Ken. That song will forever be stuck in my head.",/review/rw9319915/?ref_=tt_urv
31,22 July 2023,imseeg,7," 3 reasons FOR seeing it and 1 reason AGAINST.
",The first reason to go see it:,/review/rw9319915/?ref_=tt_urv
32,14 August 2023,stusby,4," A triumph of marketing for a poorly realised story
",It's weird seeing a movie that puts gay male culture front and centre of a lesbian-free world.,/review/rw9319915/?ref_=tt_urv
33,29 July 2023,connor707,10," Not made for me but loved nonetheless
","As a man who has never touched a barbie in my life, I was definitely not the intended audience for this film. However, I absolutely enjoyed it. It's funny, entertaining, and poignant. I came in thinking it would be sort of silly and fun, which it was, but it also was about barbie, an always-positive ""person's"" journey into the real world and how messed up and unfair it is. She believes that the real world must be just like hers, where women are recognized for their achievements and always given the opportunity, respect, and tools to succeed in life. She is obviously very disappointed in our world when she actually experiences it. I think any guy tagging along to see this will enjoy it unless he's a misogynist and/or very insecure in his masculinity.",/review/rw9319915/?ref_=tt_urv
34,19 July 2023,mark-217-307033,6," Fun film whose script falls in on itself
","Margot Robbie's performance is perfect, and no other actor could've embodied the character as well as she does. However, Ryan Gosling is the film-stealer. I often forget his comedic talent, and he's given a lot of room to flex it in this. A cleverly executed Matchbox Twenty joke is particularly memorable.",/review/rw9319915/?ref_=tt_urv
35,7 August 2023,etoilethursby,10," ðŸŒ¸ðŸŒ¸ðŸŒ¸ðŸŒ¸
",I couldnt wait for this to come out and when it did i saw it on the day of the release and ohh my everyone clapped and cheered at the end and in the uk no one ever does that but anyway i went with boys and girls and all of them enjoyed it i think truly it puts a message forward which might sound cringe but i dont care but everything about it was so good the acting was phenomenal the casting was amazing the cinematography the music just so good oh my god ive seen it a couple of times now and each time i finished the movie i was so happy for the rest of the day i was dancing and skipping around anyway i love this movie a lot.,/review/rw9319915/?ref_=tt_urv
36,21 July 2023,andermic18,6," No Direction
","The movie was very funny and really enjoyable to laugh at with the full theatre. However, the messages of the movie were the problem. I was never really sure what I was supposed to take away, there was nothing about finding equality or love it was all about how every man cat falls every woman or women can't be anything. It was really silly because there was no accurate reflection of America at any single point except for Barbie getting called a Fascist for no reason by a 14 year old. I enjoyed how they called out women for hating women and how they really tried to preach empowerment and the ability to be anything, but at the same time there was so much resentment and they ended the movie by reinstating hate. The majority of the movie was hating men as much as possible. That's just whatever because what really matters is the story. Well it fell short on that mark and it was really disappointing. The pacing was horrible, the villain won and was pretty irrelevant in the long run, the story was all over the place, and it is totally not for kids. I think the worst part is how disappointed I was at the opportunity to really make something special and it just wasn't. 6 points for all the laughs and fun I had and I would expect 6-7 to be an appropriate rating.",/review/rw9319915/?ref_=tt_urv
37,29 July 2023,cmdown-50506,9," Now I am become Barbie Girl, the enjoyer of Barbie worlds
","I have been waiting for this to release for so long and I finally got to watch it today. I absolutely loved it! It was fun, it had Margot Robbie (and extra stuff for Tarantino's out there if you know what I mean) And it had some absolute bangers! What more could you want from a new summer classic?",/review/rw9319915/?ref_=tt_urv
38,6 November 2023,kk-59333,7," Interesting concept but not as deep as expected
","The movie isn't as fantastic as it was hyped to be. Its deconstruction of patriarchy and satire fall short of what was expected. Instead, it seems to remain on a rather superficial level of ""girls can do anything"" and ""find yourself."" The most controversial aspect of the Barbie character, whether it exacerbates women's appearance anxiety, is hardly mentioned at all. In my view, it's essentially a reiteration of the same old themes, just presented in updated ways. However, considering Hollywood's consistent conservatism and focus on profits, I appreciate that this is a brave attempt at expressing feminism within the world's most profit-driven film industry.",/review/rw9319915/?ref_=tt_urv
39,9 September 2023,moviesgamesandvideos,4," Overhyped and banal
",The film does not live up to the marketing. Its about as subtle as a steamroller and deep as a puddle. There must be primary school books with more depth and nuance than this film.,/review/rw9319915/?ref_=tt_urv
40,23 July 2023,anniebleasdale-97708,9," Wildly misunderstood by the poor reviewers.
","Unfortunately, most reviews that I've read here that score this film poorly explain so clearly that the reviewer did not understand the message of the film. It is not anti-men, it does not portray men as ""stupid"". Take a moment to think about how women have been portrayed in movies over the last century - oh yes, just as Ken is here! The movie exaggerates this, yes. That is the point. To clearly (and humourously) highlight the inequalities when the roles are reversed. Stop being offended by something that isn't offensive and take a bit of time to actually think about the film that you have watched.",/review/rw9319915/?ref_=tt_urv
41,15 September 2023,maxlagerholm,6," Excellent marketing team.
",They really did some fantastic marketing with this movie.,/review/rw9319915/?ref_=tt_urv
42,23 July 2023,jacobarch,3," Did I watch the same movie as everyone else lol
","While the production value, cinematography and acting were what you would expect from Margo Robbie and the supporting cast. I felt the movie fell short of not preaching to me and spreading a message of division rather than unity. Men and women cannot survive without each other but you'd never know it watching this movie. And me having my 13 year old daughter with me almost caused me to walk out of the theater. I kept on waiting for the writers to hit the direction of unity but it never came. After the movie my daughter brought up the message to me saying how she even noticed the weird agenda they're trying to push and said that is not a movie for the easily impressionable. Come to find out my daughter is better suited to take on the world that I thought she was. Proud day for me as a father.",/review/rw9319915/?ref_=tt_urv
43,10 August 2023,kadiarula,10," Loved it!
","Barbie comes to life and is surprised by all the possibilities after a life pre-determined. She goes on an adventure in the real world with new friend Madeline. The film celebrates finding oneself and believing in one's potential, with Barbie learning there is no single path laid out and she has the power to write her own story. The film takes Barbie out of her traditional Dreamhouse setting and puts her in the real world for the first time. This allows her to experience what life has to offer beyond what she was perhaps accustomed to. Visually the film looks colorful and upbeat with a focus on Barbie's journey of self-discovery in a real world setting she's unfamiliar with.",/review/rw9319915/?ref_=tt_urv
44,7 August 2023,misscattik,," No questions just answers
","The title of the review practically sums it all up. With the highest potential in style, aesthetics, cast and concept, the movie fails spectacularly when it comes to the deliverance of it's main idea. And it's not feminism that bothers, surely not, it's the artistic language in which the idea is told - harsh, manipulative, abusive, straightforward and unkind. Instead of aspiring the audience to think and reflect, it shoves the manifestations down your throat, and in monologues that are generally painfully awkward to watch.",/review/rw9319915/?ref_=tt_urv
45,16 December 2023,Tr-u-mpbilly,6," Didn't live up to expectations
","I watched this with my wife who was ready to turn it off after about ten minutes, but I talked her into watching it - ""It'll get better, honey. They'll be going into the real world, soon.""",/review/rw9319915/?ref_=tt_urv
46,6 August 2023,Amy217o,10," Charming, fun and we all had a laugh.
",This movie is charming and many people I know who also watched this absolutely loved it and recommended it to me. The movie was hilarious and we all had a laugh. Everybody enjoyed this and actually had fun. At the end of the movie I was left with wanting more. This movie is at least in the top 5 as it was something I didn't expect to enjoy. I thought at first that it would just another mediocre movie but I was so wrong. Somehow everything about this movie put together worked so well. Ryan Gosling as Ken and Margot Robbie as Barbie both casts did a fantastic job. I would absolutely rewatch this as it was better than I expected. I highly recommend this. This Barbie movie got everybody wearing pink and it just did everything right. Honestly hats off to all casts & crew. I LOVED THIS!!!,/review/rw9319915/?ref_=tt_urv
47,21 July 2023,arslanmanzoor123,6," Quite disappointing
","Some friends freaking out that I went to see Barbie lol I mean I mentioned I went coz my sister insisted since ages. Anyway the movie was bad. These days, every other director and producer wants to convey messages about women rights and feminism through whatever platform possible and this movie was a perfect example of that with sheer cringe to convey all that. I wished I had gotten the ticket for Oppenheimer in the same timings as my sister's Barbie show. Other than that, the acting done by Margot Robbie and Ryan Gosling was great so can't take that away from them. They did justice to their roles.",/review/rw9319915/?ref_=tt_urv
48,21 July 2023,MaskedMinty,5," Preach Preach Preach
","Let me start by saying that I'm by no means a conservative or traditional woman. I believe that inequality for women still is rampant even in first world countries and that we go through many problems. But damn...this movie is so corporate and shallow. It's clearly ordered and tailored by executives at Mattel to rebrand and sell more dolls. The movie starts well and has the potential of becoming something very good, but then it just goes downhill: the premise of the owner's feeling being projected onto the doll was going to lead to a very nice build up about a person's life journey and then Barbie and Ken go to the human world and cue in the speeches and preaching. This movie suffers from a bad case of showing and not telling, they keep repeating the same dialogues: patriarchy bad patriarchy bad patriarchy bad sexism sexism sexism, not even one time but MULTIPLE TIMES. These characters go into random rants like its a ted talk! The chemistry between the mother and daughter is absolutely nonexistent and their relationship is so cringe, You cant root for them or feel their feelings at all. Barbie should have understood how Kens had been feeling in the Barbieland the whole time which is a mimic of how many women are still treated in the society: just existing for the gaze of a woman (man). Yet what do they do? They manipulate them (with a super nonsense plan) and force them back to their original position while she gives him a half assed apology that could have been done better and end up to a more accurate point about equality. (I guess this is again meta and a reflection of how women are pitted against each other while people in charge benefit from that but its so badly done that it feels meh.)
I can imagine that in the boardroom they went through a discussion like this: People are going to think this is a feel good movie so we need to give them something deeper but also lets make it absurd and fast paced so that we can finish the plot quickly and also jump on the ""not taking itself serious"" bandwagon and also market these dolls again in the age of smartphone kids. The only reason this movie gets at 5 from me is the humor, which sometimes becomes very meta and creative and Margot Robbie and Ryan Gosling have acted very well. Besides this, they could have just given us a simple feel good movie and I would have respected the creators more. Pass.",/review/rw9319915/?ref_=tt_urv
49,1 August 2023,tinajenko-33312,10," Brilliantly done!
",I was pleasantly surprised how much I enjoyed this. At the very beginning I thought it would be a pointless film of how perfect you should look and how you should act a certain way in order for society to like you.,/review/rw9319915/?ref_=tt_urv
50,23 July 2023,jacquihives,6," I had no expectations but was still underwhelmed
","I loved barbie growing up, and even at 42 years old I couldn't wait to go see the movie! I didn't have any expectations because I had no idea how they could make a movie about barbie that's for adults and not kids. I adored Barbieland, but unfortunately they leave it behind so fast and with it they also leave behind everything good about bringing barbie to life in a movie! It got silly, had no storyline, was overly political and woke, man bashing and made men silly, and I really didn't care for the ending which is just as well because it was abrupt and crude.",/review/rw9319915/?ref_=tt_urv
51,3 August 2023,AngelHonesty,5," Not what I Expected
","I played with barbies a lot as a kid, so I thought this movie was going to be fun. The trailer looked great, I thought, why not, let's have a girls movie night, kick back relax, watch a funny iconic movie about my favorite toys as a kid. But I was greatly let down really fast. The movie was all about a strong message of what a woman is, what a man is, how the world defines those roles and how we should just be whoever we are. There was nothing in the movie that made me laugh. It all felt kinda heavy with the message they were telling. It's definitely not a kids movie either, I don't think they would understand half of it. Really wasn't happy with the movie.",/review/rw9319915/?ref_=tt_urv
52,30 July 2023,rhuffq,10," ""You can be anything.""
","The story in Barbie isn't about a doll. It's about reconciling the imperfect world we live in with the idealized stories we tell and create. We use our dolls, toys, and play to create those stories. We internalize the ideals shared through those stories. Sometimes they are good ideals that empower us. Sometimes they are toxic ideals that disempower us. Ultimately they are created by us and we are influenced by them.",/review/rw9319915/?ref_=tt_urv
53,19 July 2023,sriya-76870,6," Boring Movie
",Dont fall for the 5 star reviews. This movie is extremely boring and goes on without a purpose even if it has it's hard to understand.,/review/rw9319915/?ref_=tt_urv
54,27 July 2023,baybaysulzy,10," Funny, Visually Stunning, Emotional, & Engaging!
","This movie made me so proud to be a woman and really appreciate the human experience! It's amazing that a film centered around a toy managed to shed light on the genuine highs and lows of being human, making it a refreshing watch! It was funny, visually stunning, emotionally resonant and engaging. I'm not sure why some have labeled it as ""preachy"" or ""agenda-driven,"" because it merely highlighted the realities faced by women today. If these aspects were challenging to watch, that might have been the film's intent - to resonate with its target audience. I appreciate that the movie reminds us what Barbie's original purpose was, to empower girls around the world! So to everyone who feels that this movie was a personal attack, it might be best for you to stop over analyzing every little thing because you weren't the target audience anyway. Highly recommend!!",/review/rw9319915/?ref_=tt_urv
55,19 July 2023,dreopdreef,6," Not so unique as expected
",The concept of a Barbie movie is really unique and got me all exited. But unfortunately to me it delivers the same messages that we keep hearing as of lately.,/review/rw9319915/?ref_=tt_urv
56,7 August 2023,Reyniday,10," Speechless
","Words cannot express successfully how I feel about this movie. I want to first say how important this movie is for women in the industry. As a woman who's dream is to be a filmmaker and being so young this is a monumental achievement in my eyes. This movie has made me excited to see what younger minds can do. It has a wonderful creative voice and a beautiful mix of comedy and respectfully addresses hard topics in a way that I think everyone can benefit from. I can understand how some people find it preachy but I disagree because this is a love letter to women. There are so many things that stuck with me and I will probably remember forever. I am impressed with the amount or detail, creativity, and love that was so obviously put into this movie. Greta Gerwig and the rest of the production team did a beautiful job creating an immersive thought provoking experience that brought me to tears. This is by far Margot and Ryan's best performance I've seen and they deserve all the love for it. The sci-fi references are also a very interesting touch that I didn't expect. I think this is a movie than everyone can take something away from and it is very special to me.",/review/rw9319915/?ref_=tt_urv
57,24 July 2023,GhostFoxX,6," Misleading.
","I personally expected the movie to be fun and adventurous. Correct me if I'm wrong, but isn't that what it is supposed to be? It's literally a movie about Barbie. Instead, it felt more like an agent of woke culture, and basically Mattel's (the company that produces Barbie dolls) way of capitalizing the emotional aspect of the cinephiles to make their business more popular and trendier. It continuously tried to portray the fact that Mattel is no more producing white barbie dolls, it is now producing dolls of all colors and races. Well, that is definitely a good thing, but making most of the movie focus on that aspect felt very boring and wrong. If they didn't quite make a movie that is fun and adventurous, why make the marketing events misleading? They could've just focused on the audience for whom it was made, rather than on the entire world through their absurdly irrelevant marketing events that made the world think that this movie is going to be all about fun and adventure. Sadly, it was not nearly as enjoyable as the misleading marketing made it seem.",/review/rw9319915/?ref_=tt_urv
58,27 August 2023,max-850,4," Preacher Barbie?
","I believe I came to this movie with an open mind. In my opinion a movie balled Barbie needs to be a comedy. And while there were pieces here and there that were funny, for the most part we (and everyone in the theater) only laughed occasionally. The production design and costumes are great. The screenplay is the weakest part. The direction is next weakest. And those two caused a great cast to overact. When this movie takes itself seriously it gets tedious. It's preachy. We are constantly being told what we are seeing and what we should think about what we are thinking. This is not engaging. Why can't we think for ourselves based on what we see? I hated being treated like a ten year old and being spoonfed the morals, thoughts and feelings. But then maybe the target audience is ten-year-olds. In any event, I thought it would never end. By the time they were talking about ordinary Barbie, all I could think was ""Sanctimonious Barbie.""",/review/rw9319915/?ref_=tt_urv
59,8 August 2023,info-4994,10," Who'd Have Thought It?
","Who'd have thought that you could make a film about the Barbie doll. Well Greta Gerwig obviously did and what a rip-snorting entertaining piece of colourful fun it is. And on so many different levels too: socio-political commentary, gender roles, off-the-wall mayhem to mention three. There are homages to classic films from the very start that had me rolling with laughter, and it never let up.",/review/rw9319915/?ref_=tt_urv
60,22 July 2023,shadowtramp,5," More of a marketing flick
",The brilliant marketing is what led us tonight to pay for the tickets. The brilliance ends there.,/review/rw9319915/?ref_=tt_urv
61,12 August 2023,hollieking81,10," Thought it would be cheesy
","But was pleasantly surprised. I found it very emotional. Fabulous casting, dancing and soundtrack. My daughters 6 and 8 also loved it. My husband even went along and got a few laughs but ended up at the pub with my youngest because the cinema in general was too loud for her. I can see how it could upset and make people uncomfortable that are after a comedy seen through the eyes of a stereotypical comedy director, but that is what makes this movie so different. Definitely bring some tissues if you have any sort of mother-daughter relationship, both good, bad and in-between. I am so glad I could see a movie like this with my daughters.",/review/rw9319915/?ref_=tt_urv
62,6 November 2023,popyoshi-36312,6," Could be better
","Completely forgot to review this, the sets are easily the best they're really gorgeous to look at, the characters are fun to watch and the characters are all really enjoyable. The movie gets a bit preachy but only for one scene, I also think the movie is slightly contradictive as every male character is treated as dumb and arrogant despite them promoting equality. It's done for jokes though so I know it's not meant to be an actual message with the humour, I just think it weakens the messaging of the film, it's still a really really good film the ending is super sweet and meaningful and overall it's a great movie especially considering this is a movie about barbie dolls lmao, I personally didn't find it to funny but I still appreciate it for its charm and most of its storytelling.",/review/rw9319915/?ref_=tt_urv
63,1 August 2023,ninadenonaadi,10," perfect.
","Everything was just so perfect. The cast, margot robbie is basically my fav person and ryan is also nice.. ig. I love how they added some actors from sex education like emma, connor and ncuti. The design was unbelievably perfect as well, the soundtrack, THE MESSAGE, EVERYTHING. I JUST LOVED THIS MOVIE SO MUCH IT WAS SO FUN TO WATCH. It felt relatable, felt so many kinds of emotions at once which was an amazing and unique experience. LOVED IT GRETA AND MARGOT DID SO WELL!! I also loved how there were so many kinds of barbie's, like transgender barbie, allan which i think is non-binary and more.",/review/rw9319915/?ref_=tt_urv
64,23 July 2023,sandrachungate,6," Great for the first 30 minutes, then not
",The trailers and marketing for the movie were so good that I was really disappointed when the movie took an odd turn after 20-30 minutes into it.,/review/rw9319915/?ref_=tt_urv
65,20 July 2023,mavigangi,10," A colorful love letter to human kind
","I cried, I laughed, I dance and I did sing too. What a joyful time I had at the movies watching Barbie. This is a movie to celebrate how diverse and complicated are the humans. The cinematography is a outstanding as well as the production design and the vestuary. The casting seems like made in heaven. I recommend this movie for 11+ years old. And if you have a teen at home, take her with you. Barbie goes from fun to introspection and I love a good comedy that makes you think. Ryan Gosling is the perfect Ken, he does everything in this movie and shines every time he shows up. Margo is a perfect Barbie and got a real sense of the relevance this is going to have.",/review/rw9319915/?ref_=tt_urv
66,23 July 2023,agjbull,6," Just a little empty
","I really wanted to enjoy this and I know that I am not the target audience but there were massive plot holes and no real flow. The film was very disjointed. Ryan Gosling as good as he is seemed to old to play Ken and Will Ferrell ruined every scene he was in. I just didn't get it, it seemed hollow artificial and hackneyed. A waste of some great talent. It was predictable without being reassuring and trying so hard to be woke in the most superficial way in that but trying to tick so many boxes it actually ticked none. Margo Robbie looks beautiful throughout, the costumes and the sets were amazing but the story was way too weak and didn't make much sense at all.",/review/rw9319915/?ref_=tt_urv
67,21 July 2023,michelle-kissler,5," Barbie, Swing and a Miss
","This film had the potential to become a cult classic with its strong cast, stunning costumes, and iconic character. However, it failed to live up to expectations, falling flat just like *spoiler Barbie's heels.",/review/rw9319915/?ref_=tt_urv
68,25 July 2023,jillweeland,10," Unexpectedly totally awesome
",When I'm going to see a movie I don't do research beforehand. I like to make up my own mind and hate spoilers. I didn't even have a look at the trailer in this case so I really didn't know what to expect from Barbie.,/review/rw9319915/?ref_=tt_urv
69,29 July 2023,planktonrules,7," Good...not great
","""Barbie"" is a movie that is setting all sorts of records, so it's obvious that the film is touching many people. For some, it's the fun of seeing a doll come to life, for others it's the theme of empowerment that make the movie a big hit. As for me, I did like it and thought it was a pretty good movie...but it's not for everyone.",/review/rw9319915/?ref_=tt_urv
70,19 July 2023,enesmil,5," Disappointing and misleading
","The movie starts great, but goes off the rails soon after. Had they kept the look and feel of the first 30 minutes, this movie could've been great.",/review/rw9319915/?ref_=tt_urv
71,24 July 2023,westy-47313,10," Yes
","Yes, this film receives my seal of being a yes film, passing all enjoyment factors. It has a) entertained me, b) made me laugh or cry and c) did not cause me to break the cycle of evolution and retract back into an amoeba. Factor c) may be triggered by rather an overload of cringe, a failure of the Bechdel test, a lack of overall slay, bad child acting or the most important, the inclusion of slander of any of the gorlz (Margot Robbie, Jennifer Lawrence, Taylor Swift, Florence Pugh, Kristen Stewart, Meryl Streep, Paul Mescal, Greta Gerwig, Stanley Tucci, Sarah Michelle Gellar, Jamie Lee Curtis, *)",/review/rw9319915/?ref_=tt_urv
72,24 July 2023,terryforma,6," It was good but far too preachy
","I really enjoyed the movie. The acting was amazing. Margot Robbie and Ryan Gosling was amazing. I just thought it was too on the nose. Like the message was literally forced in your face. It seemed lazy to me. I went in thinking it was going to be similar to The Truman Show and I wished it had've taken some elements from it because it would've made it much more powerful if so. I'm not going to spoil the ending but I thought the writers just gave up. Overall for me it's a 6/10. Good film but that's all. Definitely could've been less preachy. Ultimately, it's nice movie to see and I'd see it again at some point but it wasn't great.",/review/rw9319915/?ref_=tt_urv
73,23 July 2023,eoinageary,8," I am Kenough
",So I went into the movie with little to no expectations and I was pleasantly impressed with the movie overall.,/review/rw9319915/?ref_=tt_urv
74,4 August 2023,thePopcornExplorer,9," I don't see how it was preachy
","In this day and age with society overall becoming more and more polarized and our leaders around the world doing nothing to improve dialogue, it seems that people became broken records. Now everything in the movies and TV shows is perceived as preachy, not everything is a conspiracy, people need to consider that movies and TV shows at its core, and specially the good ones, are about sharing perspectives and allow the audience, if their minds are opened to it, to acknowledge all sides of the stories.",/review/rw9319915/?ref_=tt_urv
75,19 July 2023,tm-sheehan,6," Didn't hit my pink spot
","My Review - Barbie
In Cinemas now
My Rating 6.5/10",/review/rw9319915/?ref_=tt_urv
76,25 July 2023,Dello_,4," Funny and sharp first half, boring and baffling second one
","I had great expectations for the Barbie movie, mainly because of the writers (Greta Gerwig and Noah Baumbach) and the stellar cast with Margot Robbie and Ryan Gosling leading the way. Unfortunately I found myself disappointed, bored and shocked by some messages the movie tries to convey.",/review/rw9319915/?ref_=tt_urv
77,8 August 2023,medekfan,," Surprisingly great
","Barbie the movie was much better and with more character, story quality and depth than I expected. I went into the movie to see what the fuss was about and for a bit of something fun to do and left feeling happy the rest of the day, thinking about its story a lot, the interesting execution and styling. I also played the soundtrack which has some great songs.",/review/rw9319915/?ref_=tt_urv
78,28 July 2023,klastaitas,8," We're All Dolls
","Without consumerism, without belief, without plastic accessory and hope for a perfect day, where would Barbie find herself?",/review/rw9319915/?ref_=tt_urv
79,20 July 2023,moriumemoltre,6," Great acting but why this movie?
","I was really surprised about how much i liked Ryan Gosling in this. I had totally forgot about his comedic talent and timing. The movie works. There is definitely a moral message in this, even though I believe the majority of viewers will be too distracted by Margot Robbie and Ryan Goslings great performances and all of the comedy elements in this and the fact that the script is hardly worth being filmed. I feel like with a different script they could have created something truly great.",/review/rw9319915/?ref_=tt_urv
80,22 July 2023,elihebdon,3," This film isn't saying what it thinks it is
","Margot does the best with what she's given, but this film was very disappointing to me. It was marketed as a fun, quirky satire with homages to other movies. It started that way, but ended with over-dramatized speeches and an ending that clearly tried to make the audience feel something, but left everyone just feeling confused. And before you say I'm a crotchety old man, l'm in my 20s, so I'm pretty sure I'm this movie's target audience. The saddest part is there were parents with their kids in the theater that were victims of the poor marketing, because this is not a kid's movie. Overall, the humor was fun on occasion and the film is beautiful to look at, but the whole concept falls apart in the second half of the film and becomes a pity party for the ""strong"" woman.",/review/rw9319915/?ref_=tt_urv
81,21 July 2023,eleanorcrawlings,10," Well deserving of the hype
","This is the first time I've written a review for a movie, that should tell you that I enjoyed this movie an awful lot.",/review/rw9319915/?ref_=tt_urv
82,27 December 2023,Ed-Shullivan,6," I would have preferred to see this as a 30 minute TV sitcom
",Mrs. Shullivan and I enjoyed about the first 30 minutes of this full length feature film but after about the third song and dance number by the various Ken's we agreed that Ryan Gosling appeared to be the main character and not Barbie.,/review/rw9319915/?ref_=tt_urv
83,22 July 2023,ysszhb,10," One of the most real and complex movies I've seen.
","Every one - man and woman, should watch this movie with an open-mind and introspection about current society. Barbie was one of the most real, complex, insightful, trippiest, thoughtful, and educational videos I've watched in a long time. This movie is not for everyone and is definitely not designed for kids due to the much deeper meaning. To get the full experience of the art of the movie, you have to ready to focus and peel all the symbolic layers.",/review/rw9319915/?ref_=tt_urv
84,28 July 2023,mohamed-elbehairy,6," Had some good moments but that's it
","I found the movie to be refreshing, but it's far from perfect.",/review/rw9319915/?ref_=tt_urv
85,22 July 2023,dspornakk,10," Enchantment w/ genuine emotion
","I absolutely loved it. Margot Robbie is the perfect stereotypical Barbie. Ryan Gosling gives an Oscar-worthy performance and has a true rock 'n' roll voice. The soundtrack is also very, very good. Subjects of patriarchy and cultural hegemony are approached with humour and historical references. Michael Cera is funnily adorable. Barbie is funny and surprisingly entertaining. Greta Gerwig and Noah Baumbach wrote an enchanting script with genuine emotion. Barbie was brilliantly cast. I loved Ryan Gosling. He's terrific as Ken and delivers an Oscar-worthy performance. The ending is good and it's worth sticking around to watch the credits.",/review/rw9319915/?ref_=tt_urv
86,1 August 2023,badreviewer,6," This Barbie is dissapointed.
","Yes. Day by day it becomes more obvious that now the movies are made just because of the income they generate and nothing else. Ok, Barbie itself was not a creative idea, I know. And actually I didn't expect to see something unseen something unique in the first place, all in all it's ""Barbie"".",/review/rw9319915/?ref_=tt_urv
87,20 July 2023,Azureus91,3," I fee sorry to those who fell in the Barbenheimer trap
","To say that I was disappointed is an understatement. The movie starts fine which is more or less what was advertised in the trailers where the setting was Barbie. That was kind of fun. The problem is that the second part is just a mess in pace, it tries tooooo hard to be funny. The main message of the movie would have been great if it had been delivered properly. It was nowhere close to be succint. All Pixar movies do a better job at making their point. And for me, the worst of all, is that it tried to be controversial so hard that it became stale and dull after some minutes since everything centered around the same topic.",/review/rw9319915/?ref_=tt_urv
88,22 July 2023,cydshelton,10," Barbie
",So good but the only part I don't like is the scene when the boys take over the town apart from that it's perfect. Barbie is a heartwarming family movie with great actors and a great freaking plot. Its my favorite movie and its highly recommended for a family but there some bad words like vagina and penis. I think it should be recommended for 12 and over. The rating 12A (12 adult ) and it is 1h and 54m. If u don't like comedy movies ( I'm sure u like comedy's) than this movie is not for u. Thank u all for reading this review and I hope u read my other reviews. (By the way my reviews have spoilers),/review/rw9319915/?ref_=tt_urv
89,29 August 2023,adamblackshaw-14445,6," Did I just watch a 2hr Mattel advertisement?
","BARBIE is a great example of hype over substance. It is laugh out loud at times and Gosling steals every scene he's in. The art direction is on point. What makes it tiresome is THE MESSAGE pummelled into the audience, but then were we expecting any subtly? Probably not. Ultimately my wife just thought, 'I already know this. I don't need to hear it. But maybe some women do?' I get her point. In the end it felt like we were being sold Barbie Dolls as some kind of icon of feminism. But seriously, they are a very poor example of female role models. Not surprisingly Mattel was one of the producers.",/review/rw9319915/?ref_=tt_urv
90,21 July 2023,nwsquadron,4," Bafflingly mediocre
","I have been thinking for 2 days and still I have no idea who the target audience for this film is. The first half of this movie is not bad at all but once Barbie and Ken leave barbieland the movie just completely falls apart. The message shoved in your face way too much and isnt subtle at all, characters that are set up early on are completely forgotten by the 3rd act in a bloated script filled with unnecissarily complex feministic views. For a movie about a children's toy, the dialogue is often much too complex and theres no way in hell a child is going to be able to understand whats going on; several lines left me scratching my head as the dialogue is way too overly complex. Ryan Gosling and Margot Robbie are excellent casting choices with Gosling going above and beyond, nailing all of the comedic moments and elevating all of the material he was given to work with.",/review/rw9319915/?ref_=tt_urv
91,22 July 2023,megmalik-34450,10," A fun enthralling journey
","You will experience vast emotions during this film. It's a thrill to watch, funny and fresh comedy. If I had any critiques for the film, I'd put them, but I enjoyed watching and will rewatch it. I felt like a little kid again at the movies. Totally absorbed with the story. It's a fictional land, while the film is so raw. Margot Robbie is a joy to watch and showed an impressive performance. I believed she was Barbie. The movie is played out as if the characters are dolls being played with. I imagined being a kid with my dolls, thinking of similar outrageous plots, dialogue, and wardrobe changes. Anyone can enjoy this film.",/review/rw9319915/?ref_=tt_urv
92,21 July 2023,captainsermig,6," It's alright
","""If you brought a 7 year old girl to see this movie she would neither have fun nor be happy at all""
And this was my girlfriend's statement as soon as we left the cinema.",/review/rw9319915/?ref_=tt_urv
93,10 August 2023,ztfbbsmrk,10," Total Delight!
","Wish I could give Barbie 11 stars! I haven't had this much fun at the movies in a very long time! In fact, I've already seen it FOUR times and if I can find another friend who hasn't seen it yet, I'll go again!",/review/rw9319915/?ref_=tt_urv
94,25 July 2023,silvangigerstudio,6," ABUSE OF THE BARBIE
",Here's the thing.,/review/rw9319915/?ref_=tt_urv
95,24 July 2023,torichall,10," Seriously campy fun!
","I must admit, growing up I've had complicated feelings toward Barbie. In the beginning she was fun (my favorite was one of the mermaid Barbies), but growing up I distanced myself from the pink toy. It was no surprise I wasn't excited about the movie until I heard Greta was involved.",/review/rw9319915/?ref_=tt_urv
96,19 July 2023,trinculodino,6," Witty, funny but severly sterotypical
","A good laugh of a film poking fun at Mattel, complicating the concept of Barbie while at the same time highligting the patriarchy and it's inherent incompatibility with human emancipation.",/review/rw9319915/?ref_=tt_urv
97,24 July 2023,brianjohnson-20043,4," This movie tries to be too much
",I wanted to like it. But I just didn't. The story wasn't very compelling to me because it seemed as if the entire point of much of the movie was to provide learning moments for viewers with some slapstick comedy and quick-delivery comedy. The story itself should nearly always be more important.,/review/rw9319915/?ref_=tt_urv
98,22 July 2023,krishnamoorthy-49341,10," Barbie
","Very good movie Ryan acting is very nice also Margarot . I haven't totally watched this movie but anyway it's good upto I saw this.greta gerwig movies always good movies this film is also not exceptional from that she maintained her touch.coming to talk about screenplay gerwig and her husband Noah their combo both are legendary directors their combo is good not only his personal life but also in silver screen.ryan gosling is rarely do these type characters most of his movies he delivers same expression, thinking about his acting I am not fan for him but I like Margarot I am a big fan for her role Harley Quinn.",/review/rw9319915/?ref_=tt_urv
99,1 March 2024,groundzero-273-397110,6," I will for sure keep listening to I'm Just Ken!
","I thought Barbie would be much more childish than it was. At the beginning of the film, I thought about what I was actually watching. It started out childish, but then it turned out that it is aimed at a more adult audience. Many of the jokes in the film will not be understood by children. There were parts of the film that I liked and parts that I loathed. It is well directed and has lovely singing and dancing that sticks in one's head, especially the song at the end, I'm Just Ken. Loved it.",/review/rw9319915/?ref_=tt_urv
100,25 July 2023,rlabraaten,10," I already need to see it again!
","It was nostalgic, hilarious, esthetically orgasmic and very moving. It covered all generations of Barbie, which was my hands down favorite toy as a kid. It also touched on the female experience in a really welcoming, wonderful way. I felt it included aspects of the male experience that are important as well. Awesome soundtrack, AMAZING SETS, and wardrobes. The cast was amazing, the writing was perfect, such an original, unique stroy line. If you're going to criticize this movie for going ""against your political beliefs"" then you don't deserve this movie anyways. Women are allowed to talk about the female experience and Barbie was a great way to do it! I just saw it 2 days ago and I really want to see it again!!",/review/rw9319915/?ref_=tt_urv
101,11 May 2024,grantss,6," Okayish fun
",Barbie lives in Barbie Land with all the other Barbies. Ken is competing with all the other Kens for Barbie's attention. For Barbie it's quite the perfect world. Then Barbie starts to have thoughts of death and bad things start to happen.,/review/rw9319915/?ref_=tt_urv
102,16 August 2023,mollyt-73422,10," Absolutely powerful movie and changed my perspective on life
",This movie is not for people who cry a lot. It was a beautiful movie with proper cinematic gold.,/review/rw9319915/?ref_=tt_urv
103,25 July 2023,afuschiaperfume,6," Too much social commentary not enough Barbie
","I knew this was going to be political going in but I thought its Barbie so I could overlook it. But it was too much, I do not enjoy politics in movies, whether it's left or right. I expected it to be more fun, and feel good, and it was for some parts but not enough at all. Ryan was great and so was Margot but I did not understand why Barbie didn't like Ken, it's wildly known that Barbie loves Ken and Ken loves Barbie, it's iconic and it made no sense for everything else in Barbie land to be accurate but not that. Another problem was the writing it was very ""told and not shown"" as well as wordy. The scenery was great as well as the costumes, but the story could have been so much better. Like Barbie and Ken take L. A. on a fun adventure and some self-discovery but it wasn't really like that. The ending was confusing does Barbie want to have a baby?",/review/rw9319915/?ref_=tt_urv
104,21 July 2023,allipthomas,10," A Beautiful Commentary on the Real World
","This movie is everything and more. It's comedic, colorful, entertaining, heartfelt, nostalgic, and has such a truly meaningful message that's fit for everyone.",/review/rw9319915/?ref_=tt_urv
105,23 July 2023,luffha,7," Fun soundtrack , story a bit confusing
","I loved the music , and the fun start.",/review/rw9319915/?ref_=tt_urv
106,2 April 2024,belacane,4," Wow. SO much hype...for this?
","We waited until it came out on streaming, because nobody in the family was that invested in it. But because it was such a cultural phenomenon, we all did want to see it eventually, to understand the hype. Besides the very specific parts that everyone else has panned (the Mattel executives bits, the Ruth Handler bits), I simply found it...dull. We watched the whole thing, found nothing to discuss in the usual post-movie family recap, and went on about our lives. When the Oscars noms were announced and Barbie got nominated in the music categories, I couldn't even remember any songs! Oh yes, then I remembered that dance thing at the beginning (where Barbie has her 'death' comment). Okay, it had a song. Then when I saw Gosling singing at the Oscars I remembered there was that song too. I simply found the whole thing utterly unmemorable, like a weak dream forgotten upon awakening.",/review/rw9319915/?ref_=tt_urv
107,26 July 2023,russellquisenberry,10," Barbie is a masterpiece and I'm not joking
",I'm not a Barbie fan. The only time I loved Barbie was when she was in the Toy Story movies. But that changed after I saw the Barbie movie. This movie is not only Greta Gerwig's best film but also the year's greatest movie so far!!!!! Margot Robbie (my favorite actress of all time) is beautiful and portrays Barbie with pure perfection!!! And then there's Ken (played by Ryan Gosling in a career-best performance)!!! Robbie and Gosling shine and are easily the years best duo.,/review/rw9319915/?ref_=tt_urv
108,26 July 2023,JPARM-IMDb,6," Expected more from Greta Gerwig
","Even though I'm not the target audience for this movie, I thought Barbie might impress me due to Greta Gerwig's previous works but I'm disappointed.",/review/rw9319915/?ref_=tt_urv
109,20 July 2023,liefie2000,3," I just wanted a to see a fun Barbie movie, not feel depressed
","How did I go to watch Barbie, only to have seen a mildly depressing unecessarily deep movie saturated with politics and talk of mental health. The plot made no sense.",/review/rw9319915/?ref_=tt_urv
110,22 July 2023,anabeatriz-85741,10," A nostalgic trip to our feelings
","Barbie is a movie that you start laughing of the critics that are put in such an intelligent way (you have to think fast between laughs), amazed by the idea of a perfect world and suddenly they start to go in your feelings and bring out so many realizations about yourself with funny dialogs. We never goin to forget what it is see Margot and Ryan such an incredible performance the way them put so many emotions and still keep that doll mindset is brilliant and for Greta all my reverence it's breathtaking think that she decided to go up front with such strong movie and we didn't expect anything different from her. Oscar winners here we go.",/review/rw9319915/?ref_=tt_urv
111,23 July 2023,dmmart-28624,6," Great if not ham-fisted message but a sloppy movie.
","I was pretty excited to see this film and hope I'm not going to get put on a list for saying I didn't enjoy it that much. The message of female empowerment was fine, but didn't really speak to gender equality. Barbieland is the opposite of real world where Barbies are in control and kens are perceived as the mindless accessories. However, the ending just puts Barbies back on top and doesn't do much to equality which I hope is our goal. The movie itself was very sloppy and all finish with no build up. You could tell the writers had ideas of what they wanted to have happen but had zero clue how to get there. They wanted Ken to take the patriarchy back to Barbieland but this happens immediately and off screen despite the Kens being bumbling morons the entire movie. It's all payoff and no buildup. Good acting from a strong cast made this more fun to watch but when you start thinking a little deeper it didn't make much sense. I think this was a made for tik tok movie where there's 100 great scenes to throw up on the internet but not very cohesive when put together.",/review/rw9319915/?ref_=tt_urv
112,22 May 2024,gnperuti,10," Can someone explain how this, of all IPs, turned out a good movie?
","The Barbie movie reminds me a lot of The Lego Movie. Not only do they both feature Will Ferrell, but for ideas that could have easily been been gimmicky and made only to sell toys, they are surprisingly smart, clever, and charming. In the case of this film, the plot is well written and paced. The message starts out as a typical one about feminism, but ends up becoming a rather poignant one about being yourself instead of just a label. And the script is astonishingly really funny. In addition to the abundance of clever nods to everything Barbie that even I, as a guy, recognized at least some of the time, there is no shortage of great, hilarious lines (I still say Mojo Dojo Casa House) and gags, like when Barbie's car flips and spins in the air when Ken startles her.",/review/rw9319915/?ref_=tt_urv
113,19 July 2023,AvionPrince16,6," Barbie land and reality
","Im not really disappointed or love the movie to be honest. It was kind of weird and strange at the beginning: we understand it later because we are in the Barbie world. So they played with the culture reference of the barbie, the dolls and what they represent: an ideal world with where the womans are in power. Things will get pretty normal after they enter the real world and all the problems: sexual remark, womens and their place in society (the inequality with mens.) I was pretty sure they will talk about the problems with womans and their complex because of Barbie and the perfect women she is and how this is contrasted with the real world. Its pretty obvious that they will talk about it. I love also how Ken will also notice how mens are more powerful in the real world: its like everyone see that reality is not really what they perceived themselves in their own reality and power will shift also later in Barbie Land. I understand why they act like this and stuff but i didnt really get into the movie to be honest: i only identify myself when they talked about society and business but all the musical things, the choregraphy and even the morality was kind of superficial. But i enjoyed that Barbie realised the problems of our world and compare to her own. Some moments was funny and some more serious or drama sometimes even if its pretty soft because we are in Barbie Land. I mean i spend a great time but it was kind of ok. And i still think its a great Barbie movie: the task was not easy to represent that world but i enjoyed the set design, the colors, the camera movements. I think people who played with Barbie dolls or just know the universe will be happy; they have a lot of references to the world and a lot of Barbie references to the dolls and the differents clothes and the impact of her in society. Some moments were also absurd ( the fight with all the Kens). Its good anyway.",/review/rw9319915/?ref_=tt_urv
114,3 August 2023,kanad004,10," The ""American Psycho"" of this generation.
","Barbie is one of those few films that are able to merge an extremely unreal and borderline bizarre environment with an immensely grounded and hyperreal take on society successfully, and still be massively entertaining.",/review/rw9319915/?ref_=tt_urv
115,27 February 2024,pinballwizard-83712,6," OVERRATED AND OVERHYPED, BUT A GOOD FILM
","Greta Gerwig's overhyped and vastly overrated pink feminist fantasy that became a mega-hit at the global box office. For me the highlight of this movie is the opening in the world of ""Barbieland"" which is colorful and visually stunning with some campy humor and a look into the repetitive lives of these living dolls, particularly the stereotypical Barbie, played brilliantly played by Margo Robbie who is pure perfection in the role, and her hunky dimwitted boyfriend Ken, terrifically played by Ryan Gosling who earned an Oscar nomination for his scene-stealing turn, but once Barbie and Ken leave Barbieland and enter the real world the entire lighthearted tone of the film ends, it becomes a negative and turns into a weird war between men and women, I found this part of the film very boring and did not find it funny or entertaining, it turns preachy and dialogue-heavy. Gerwig's direction is solid, but the most impressive thing about this film is its sensational production design which is amazing, some cute musical numbers with Barbie and Ken, and the superb cinematography by Rodrigo Prieto. The supporting performances are all good, but why America Ferrera got an Oscar nomination for her okay performance is beyond me, however special kudos must go to Rhea Perlman who delivers an wonderfully endearing performance in an extended cameo. The film is a disappointment to me that could of been way better, no masterpiece here just a good film.",/review/rw9319915/?ref_=tt_urv
116,20 July 2023,Joytoyxx,4," I'd probably drop it at around 1/2 if I watched it alone at home
","Attending the prepremiere of the much-anticipated Barbie movie was an experience I won't soon forget, but unfortunately, not for the right reasons. At least 85% of the movie was pure hype, creating high expectations that were ultimately let down.",/review/rw9319915/?ref_=tt_urv
117,21 July 2023,aanyasingh-90695,10," It was amazing
","I loved to watch the movie, it had all elements one would have want to have seen. The journey of barbie to the real world was something I was really looking forward it and I am quite satisfied with it completely , the movie had lovely humour and I was completely mesmerized by Ryan's character it gave a very balanced effect to the movie, there could be a point where the movie felt very overwhelming due to a lot of factors but it was quite a journey to look forward to, the audience was very pleased around me and everyone had a lot of fun watch it. It seems like a fun movie with a very deep meaning behind, the ending was very unexpected and gave a twist very similar to the truman show.",/review/rw9319915/?ref_=tt_urv
118,20 August 2023,Leofwine_draca,6," A real mixed bag
","BARBIE is a film I find incredibly difficult to both review and rate. On the face of it, the trappings are pitiful and the tone is all over the place. The audience I saw it with were laughing at the dumbest jokes imaginable (like Gosling bouncing off the plastic wave) and missing all of the depth, which is what I personally found appealing. It's very hard to take such a tongue-in-cheek approach seriously, but then you could argue that it's deliberately bad, deliberately plasticky. Not that that excuses the bad acting from the likes of Ferrera et al. Despite this, the film's skewering of the patriarchy is spot-on, and Gosling turns out to be very good, stealing the film from the others. So it's a film I appreciate some parts of, and not others.",/review/rw9319915/?ref_=tt_urv
119,30 September 2023,Criticalstaff,4," Plastic in the worst way possible
","It took me quite some time to decipher this movie. I felt like I was missing something, that there was more to it than first apparent. The acting, the dialogue, the sets, the costume: technically it is polished and purposeful; yet I was utterly unable to engage with it. And finally it hit me: that is because it is actually a commercial.",/review/rw9319915/?ref_=tt_urv
120,5 August 2023,MovieFanatic1995,10," One of the Best Comedies of the Year
","I went to see Barbie in theaters today, and it is one of the best comedies of this year.",/review/rw9319915/?ref_=tt_urv
121,10 August 2023,arcelivez-753-983928,6," Honestly - no idea why people are so hyped up with this
","Honestly I really have no idea why this movie seems to be so popular. Again honest - I went there just for Margot Robbie (I'm a married 34 year old male, and margot is one of my top 3 favorite actrices of all time, and arguably the most talented one from my list). And for that part it was totally ok. But the movie absolutely doesn't deserve an imdb rating above 5.6. The plot itself was very simple. Absolutely nothing particularly special in it. So if it is in fact getting rated so high just because of Margot alone, then why do her other movies don't get rated that well and get that much attention? Honestly I really don't understand and I think this movie is way too overhyped for no reason. And I have no idea why... For other movies that get hyped like that I do see the reasons why they're getting so hyped. So the movie is not awful, but it's rather average, if you're not going there specifically for Margot then I am pretty sure there will be multiple movies at your local cinema at the time you're reading this, which are way more worth watching than this one...",/review/rw9319915/?ref_=tt_urv
122,28 July 2023,purpleblows,10," It's heartwarming
",It's nice to have a movie that's fun and interesting dialogue. I knew the style of the movie by the scenes I'd seen leaked online I think that in itself is not everyone's style but boy it's unique and very barbieland. A lot of thought went into this and it's not just for women it's for anybody. We all need an Allan in our life. I could've used more boardroom ceo scenes with will farrel and his men tho. It's lovely to see the perspective of both men and women and at the end of the day what I got from this movie is about how we're each wanting to find our happiness and who we are outside of someone else.,/review/rw9319915/?ref_=tt_urv
123,6 August 2023,kelboy10,6," Life is plastic!
","Firstly, let's start with what was good about Barbie and move forward from there. The colourful palette, the set designs and costumes were perfect to bring you into a world that doesn't take itself too seriously. Barbie wasn't meant to get all philosophical and it wasn't necessarily supposed to provide us with a point. What it gave little girls is happiness and entertainment value. In the early stages of the movie it undoubtedly had potential to be a lot of fun with a comedic effect.",/review/rw9319915/?ref_=tt_urv
124,6 August 2023,madisonsolomon,10," Beautiful
","This movie made me laugh, and cry. It was a beautiful commentary on sexism and the patriarchy and how it affects little girls, while still poking fun at it all. It also spreads a really inspiring message about mothers. I personally wouldn't show this movie to a child TOO young as there are a few jokes about how barbie's don't have genitals, one bleeped f word, and a few mentions of beer. It was a LITTLE depressing, but overall very inspirational. Despite, of course, the discussion of misogyny, I laughed through the whole thing. It was hilarious. It addressed also how adult women/mothers feel self conscious about not being perfect. It was beautiful and I'd watch again.",/review/rw9319915/?ref_=tt_urv
